siswa,konsep_pecahan,pecahan_senilai,membandingkan,penjumlahan_beda_penyebut,soal_cerita,akses_hp_di_rumah
S01,100,100,100,100,80,Tidak
S02,80,60,20,40,40,Tidak
S03,80,60,60,60,20,Tidak
S04,100,60,60,40,40,Tidak
S05,60,60,40,40,60,Tidak
S06,40,80,40,40,20,Tidak
S07,100,80,100,80,60,Ya
S08,40,60,0,40,0,Tidak
S09,100,100,80,60,40,Ya
S10,80,60,60,40,40,Tidak
S11,100,100,80,80,60,Ya
S12,60,40,20,20,0,Ya
S13,80,60,60,40,40,Tidak
S14,80,60,40,20,20,Tidak
S15,100,80,80,60,60,Tidak
S16,60,60,40,40,20,Ya
S17,80,40,20,40,20,Tidak
S18,100,100,100,60,60,Tidak
S19,80,60,60,60,40,Ya
S20,80,80,60,60,40,Ya
S21,100,100,80,80,80,Tidak
S22,60,80,60,40,20,Tidak
S23,40,40,40,20,20,Tidak
S24,80,40,40,20,40,Tidak
S25,80,60,40,40,40,Tidak
S26,100,80,80,80,60,Ya
S27,100,80,80,60,60,Ya
S28,80,60,60,40,40,Tidak
