petani,musim_tanam,luas_ha,pakai_pupuk_organik,pernah_uji_tanah_PUTS,urea_kg_per_ha,npk_kg_per_ha,pupuk_organik_kg_per_ha,hasil_gkp_ton_per_ha,biaya_pupuk_rp_per_ha
P01,MT1 2025 (Nov-Feb),1.0,Tidak,Tidak,267,230,0,5.22,1131000
P01,MT2 2026 (Mar-Jun),1.0,Tidak,Tidak,259,218,0,5.74,1086000
P01,MT3 2026 (Jul-Okt),1.0,Tidak,Tidak,242,234,0,5.07,1082000
P02,MT1 2025 (Nov-Feb),0.5,Tidak,Tidak,297,238,0,5.61,1216000
P02,MT2 2026 (Mar-Jun),0.5,Tidak,Tidak,230,270,0,5.76,1138000
P02,MT3 2026 (Jul-Okt),0.5,Tidak,Tidak,247,261,0,6.11,1158000
P03,MT1 2025 (Nov-Feb),0.75,Ya,Ya,168,235,1616,5.89,920000
P03,MT2 2026 (Mar-Jun),0.75,Ya,Ya,156,160,1779,5.41,720000
P03,MT3 2026 (Jul-Okt),0.75,Ya,Ya,176,200,1867,5.58,857000
P04,MT1 2025 (Nov-Feb),0.5,Ya,Tidak,211,211,2085,5.66,961000
P04,MT2 2026 (Mar-Jun),0.5,Ya,Tidak,199,142,1654,6.77,777000
P04,MT3 2026 (Jul-Okt),0.5,Ya,Tidak,168,200,1545,4.56,840000
P05,MT1 2025 (Nov-Feb),1.0,Tidak,Tidak,261,220,0,5.75,1094000
P05,MT2 2026 (Mar-Jun),1.0,Tidak,Tidak,251,267,0,5.68,1180000
P05,MT3 2026 (Jul-Okt),1.0,Tidak,Tidak,259,250,0,5.32,1157000
P06,MT1 2025 (Nov-Feb),0.5,Ya,Ya,165,232,1664,6.31,907000
P06,MT2 2026 (Mar-Jun),0.5,Ya,Ya,166,183,2252,5.67,795000
P06,MT3 2026 (Jul-Okt),0.5,Ya,Ya,147,192,2391,5.31,775000
P07,MT1 2025 (Nov-Feb),0.5,Tidak,Tidak,273,228,0,5.83,1137000
P07,MT2 2026 (Mar-Jun),0.5,Tidak,Tidak,279,271,0,5.64,1252000
P07,MT3 2026 (Jul-Okt),0.5,Tidak,Tidak,225,192,0,5.83,949000
P08,MT1 2025 (Nov-Feb),0.5,Tidak,Tidak,237,236,0,5.74,1076000
P08,MT2 2026 (Mar-Jun),0.5,Tidak,Tidak,221,282,0,6.31,1145000
P08,MT3 2026 (Jul-Okt),0.5,Tidak,Tidak,240,274,0,5.45,1171000
P09,MT1 2025 (Nov-Feb),0.25,Ya,Ya,159,206,2005,6.18,834000
P09,MT2 2026 (Mar-Jun),0.25,Ya,Ya,117,215,2078,5.6,760000
P09,MT3 2026 (Jul-Okt),0.25,Ya,Ya,160,188,1860,5.41,795000
P10,MT1 2025 (Nov-Feb),0.75,Tidak,Tidak,242,255,0,5.56,1130000
P10,MT2 2026 (Mar-Jun),0.75,Tidak,Tidak,245,208,0,6.35,1028000
P10,MT3 2026 (Jul-Okt),0.75,Tidak,Tidak,258,208,0,4.78,1061000
P11,MT1 2025 (Nov-Feb),0.5,Ya,Ya,120,191,2085,4.86,710000
P11,MT2 2026 (Mar-Jun),0.5,Ya,Ya,162,164,1729,5.57,744000
P11,MT3 2026 (Jul-Okt),0.5,Ya,Ya,161,214,2339,4.98,857000
P12,MT1 2025 (Nov-Feb),0.75,Ya,Ya,168,186,2030,5.06,807000
P12,MT2 2026 (Mar-Jun),0.75,Ya,Ya,155,233,2114,5.78,886000
P12,MT3 2026 (Jul-Okt),0.75,Ya,Ya,202,210,1907,5.15,938000
P13,MT1 2025 (Nov-Feb),0.5,Tidak,Tidak,261,224,0,5.25,1103000
P13,MT2 2026 (Mar-Jun),0.5,Tidak,Tidak,276,208,0,5.41,1099000
P13,MT3 2026 (Jul-Okt),0.5,Tidak,Tidak,241,193,0,4.96,986000
P14,MT1 2025 (Nov-Feb),0.25,Tidak,Tidak,214,330,0,5.1,1240000
P14,MT2 2026 (Mar-Jun),0.25,Tidak,Tidak,248,243,0,5.79,1116000
P14,MT3 2026 (Jul-Okt),0.25,Tidak,Tidak,258,235,0,5.85,1121000
