tanggal,platform,rating,ulasan
2026-04-12,Google Maps,5,"Es kopi susunya enak, harga pas buat mahasiswa. Tempatnya adem."
2026-04-28,Google Maps,4,"Kopinya mantap, tapi wifi sering putus kalau rame."
2026-05-03,GoFood,5,"Pesan lewat ojol selalu cepat, kemasan rapi tidak tumpah."
2026-05-19,Google Maps,4,"Suka nugas di sini, cuma colokan cuma ada 3 dan selalu rebutan."
2026-06-02,Instagram,5,"Roti bakarnya juara! Cocok buat sarapan sebelum kuliah."
2026-06-14,Google Maps,3,"Tutup jam 9 malam, padahal lagi asyik nugas. Kalau bisa buka lebih malam."
2026-06-30,GrabFood,5,"Matcha latte-nya creamy, langganan tiap minggu."
2026-07-06,Google Maps,3,"Sekarang sepi, teman-teman pindah ke kafe baru depan kampus yang wifinya kencang."
2026-07-11,Google Maps,4,"Rasa kopi tetap lebih enak dari tempat lain, tapi tempat duduknya sempit."
2026-07-20,Instagram,2,"Kafe sebelah ada promo kopi susu 12 ribu, di sini 18 ribu. Lumayan beda buat anak kos."
2026-07-27,GoFood,5,"Delivery tetap cepat dan rasanya konsisten."
2026-08-04,Google Maps,3,"Wifi masih lemot. Saya akhirnya kerja di kafe baru yang buka sampai jam 12 malam."
2026-08-15,Google Maps,4,"Barista ramah dan hafal pesanan. Itu yang bikin saya tetap ke sini."
2026-08-22,Google Maps,2,"Nggak ada colokan kosong, padahal laptop mau habis baterai."
2026-08-30,GrabFood,5,"Kopi tubruknya otentik, jarang ada yang jual."
2026-09-03,Google Maps,3,"Menu itu-itu saja, belum ada yang baru sejak tahun lalu."
2026-09-09,Instagram,4,"Kalau ada paket kopi + roti bakar buat sarapan pasti saya ambil."
2026-09-16,Google Maps,3,"Weekend masih enak buat nongkrong, weekday sekarang jarang ke sini karena butuh tempat nugas."
2026-09-21,GoFood,5,"Packaging bagus, cocok buat dibawa ke kantor."
2026-09-27,Google Maps,4,"Harga sedikit di atas kafe baru, tapi kualitas biji kopinya kerasa lebih bagus."
